{"metadata":{"asset_id":"e0fc6187-1dd3-4d7c-9e3c-59c4affd2fe8","asset_attributes":["data_asset"],"name":"algar-dataset-treino.csv","asset_type":"data_asset","created_at":"2020-08-24T22:47:25Z","description":"","origin_country":"us","owner_id":"IBMid-550008K2UJ","project_id":"ce06a0c6-1a32-40bc-bdab-2e94eb54a6d3","size":213072,"tags":[],"usage":{"last_update_time":1598309246108,"last_updated_at":"2020-08-24T22:47:26Z"}},"entity":{"data_asset":{"mime_type":"text/csv","dataset":false}},"attachments":[{"id":"43e12d1d-c178-46ce-a255-d7ce469ab799","version":2,"asset_type":"data_asset","name":"algar-dataset-treino.csv","mime":"text/csv","datasource_type":"193a97c1-4475-4a19-b90c-295c4fdc6517","object_key":"algar-dataset-treino.csv","creator_id":"iam-ServiceId-f49c5558-c247-4983-a04f-7d3c7a3d55da","create_time":1598309246026,"size":213072,"is_remote":false,"is_managed":false,"is_referenced":true,"is_object_key_read_only":false,"is_user_provided_path_key":true,"transfer_complete":true,"is_partitioned":false,"complete_time_ticks":1598309246026,"user_data":{},"test_doc":0,"handle":{"bucket":"algartech-donotdelete-pr-ejtx75qlpbw8pl","location":"eu-geo","key":"algar-dataset-treino.csv","upload_id":"done","max_part_num":1},"usage":{"access_count":0,"last_accessor_id":"iam-ServiceId-f49c5558-c247-4983-a04f-7d3c7a3d55da","last_access_time":1598309246026}}]}
